timestamp,temp,rssi,snr,press,lon,lat,alt
1776091407.3913066,13.8,-92.0,6.5,900.1,16.685,49.752,1002.3
1776091407.577947,13.6,-93.0,6.6,900.2,16.6851,49.752,1001.1
1776091407.6889868,13.9,-95.0,7.0,900.3,16.685,49.752,999.2
1776091407.8212407,14.2,-94.0,6.9,900.5,16.6851,49.752,998.5
1776091407.9343286,14.3,-93.0,6.6,900.6,16.6852,49.752,997.5
1776091408.036981,14.2,-94.0,6.4,900.6,16.6852,49.752,996.9
1776091408.1387818,14.2,-96.0,6.6,900.8,16.6853,49.752,995.5
1776091408.2403462,14.4,-97.0,6.8,900.9,16.6853,49.752,994.9
1776091408.3548646,14.7,-95.0,7.2,901.0,16.6853,49.752,994.2
1776091408.4639208,14.7,-93.0,7.5,901.1,16.6854,49.7521,993.2
1776091408.5659676,14.7,-95.0,7.4,901.3,16.6853,49.7522,991.6
1776091408.6718693,14.9,-93.0,7.2,901.4,16.6854,49.7522,991.1
1776091408.7764416,14.8,-94.0,6.8,901.4,16.6854,49.7523,989.8
1776091408.8795247,14.9,-95.0,6.3,901.6,16.6855,49.7523,988.2
1776091408.9808416,15.0,-96.0,6.3,901.7,16.6855,49.7523,987.4
1776091409.0841935,15.2,-94.0,6.1,901.8,16.6855,49.7523,986.1
1776091409.1861336,15.1,-93.0,6.2,902.0,16.6856,49.7524,985.5
1776091409.287366,15.1,-93.0,5.8,902.1,16.6857,49.7524,984.5
1776091409.3924685,15.3,-91.0,5.6,902.2,16.6857,49.7523,983.3
1776091409.4968247,15.4,-93.0,5.9,902.3,16.6857,49.7524,982.3
1776091409.6075416,15.6,-91.0,5.5,902.5,16.6857,49.7525,981.8
1776091409.7113159,15.8,-91.0,5.4,902.7,16.6858,49.7526,981.0
1776091409.8167155,15.7,-89.0,5.6,902.7,16.6857,49.7527,979.4
1776091409.923552,15.7,-87.0,5.5,902.8,16.6857,49.7527,977.7
1776091410.0288925,15.6,-88.0,5.0,903.0,16.6858,49.7526,976.7
1776091410.1303303,15.8,-87.0,4.8,903.1,16.6857,49.7527,974.7
1776091410.2318156,15.7,-89.0,5.2,903.2,16.6858,49.7527,974.0
1776091410.3369985,15.8,-89.0,4.9,903.4,16.6858,49.7527,973.1
1776091410.443197,15.7,-91.0,5.2,903.6,16.6858,49.7528,972.3
1776091410.5452762,15.6,-93.0,5.2,903.6,16.6858,49.7527,971.3
1776091410.6501372,15.7,-94.0,5.2,903.8,16.6859,49.7527,970.1
1776091410.7528315,15.6,-96.0,5.3,903.9,16.6859,49.7527,968.9
1776091410.8587737,15.9,-97.0,5.1,904.1,16.6859,49.7527,967.2
1776091410.9615343,16.1,-95.0,4.9,904.2,16.686,49.7528,965.7
1776091411.063059,16.3,-95.0,5.3,904.3,16.686,49.7527,964.8
1776091411.1646533,16.3,-97.0,5.4,904.4,16.686,49.7527,963.3
1776091411.2660048,16.2,-98.0,5.4,904.6,16.686,49.7528,961.9
1776091411.3671331,16.1,-98.0,5.0,904.8,16.686,49.7528,960.7
1776091411.4693499,16.4,-96.0,5.5,904.9,16.6861,49.7529,960.1
1776091411.5703819,16.7,-94.0,5.8,904.9,16.6862,49.7529,958.1
1776091411.6720808,16.6,-92.0,6.3,905.0,16.6862,49.7528,957.6
1776091411.77491,16.9,-93.0,6.7,905.1,16.6862,49.7529,955.7
1776091411.8764865,16.9,-94.0,7.2,905.3,16.6862,49.7529,953.7
1776091411.9783378,17.1,-93.0,7.0,905.4,16.6862,49.7529,952.9
1776091412.0821831,17.4,-92.0,7.2,905.5,16.6863,49.7529,951.4
1776091412.184367,17.6,-92.0,7.7,905.7,16.6863,49.7529,949.5
1776091412.285925,17.6,-90.0,8.1,905.8,16.6864,49.7529,948.2
1776091412.3912594,17.6,-89.0,7.8,905.9,16.6864,49.753,947.4
1776091412.4960907,17.8,-87.0,7.7,906.1,16.6864,49.753,946.2
1776091412.5977745,18.1,-85.0,8.1,906.1,16.6865,49.7531,945.3
1776091412.702762,18.2,-84.0,7.8,906.3,16.6866,49.7532,944.8
1776091412.806525,18.3,-84.0,7.6,906.4,16.6866,49.7532,942.8
1776091412.909219,18.1,-86.0,8.0,906.6,16.6867,49.7532,942.2
1776091413.0103455,18.2,-85.0,7.9,906.6,16.6868,49.7533,940.6
1776091413.1129537,18.1,-84.0,7.8,906.8,16.6869,49.7534,938.6
1776091413.2161598,18.0,-85.0,8.1,906.9,16.6869,49.7534,937.7
1776091413.3198156,18.2,-84.0,8.4,907.0,16.6869,49.7534,936.2
1776091413.421273,18.4,-86.0,8.8,907.2,16.6869,49.7534,935.5
1776091413.5272932,18.4,-87.0,9.1,907.3,16.6869,49.7534,933.9
1776091413.6287873,18.4,-89.0,9.6,907.5,16.6869,49.7534,933.3
1776091413.7301147,18.6,-88.0,9.2,907.7,16.687,49.7534,931.4
1776091413.8362699,18.5,-90.0,9.5,907.8,16.687,49.7535,930.7
1776091413.9381402,18.7,-90.0,9.8,907.8,16.6871,49.7536,929.1
1776091414.0394175,18.7,-92.0,9.4,908.0,16.6871,49.7536,928.4
1776091414.144208,18.9,-90.0,9.3,908.1,16.6872,49.7537,927.2
1776091414.247979,19.1,-92.0,9.6,908.3,16.6873,49.7537,925.4
1776091414.3501518,19.2,-94.0,9.9,908.4,16.6873,49.7537,923.8
1776091414.4530358,19.3,-94.0,9.7,908.6,16.6873,49.7538,921.9
1776091414.5571206,19.6,-94.0,9.4,908.6,16.6873,49.7539,920.8
1776091414.6584163,19.8,-92.0,9.8,908.7,16.6873,49.7539,919.4
1776091414.764641,20.0,-94.0,9.4,908.9,16.6873,49.754,918.7
1776091414.869904,19.8,-94.0,9.3,909.1,16.6873,49.754,917.8
1776091414.9714952,19.6,-96.0,9.7,909.3,16.6873,49.754,916.9
1776091415.0729954,19.7,-97.0,9.5,909.3,16.6873,49.7541,915.8
1776091415.1744506,19.8,-98.0,9.9,909.5,16.6873,49.7542,914.6
1776091415.280988,20.0,-99.0,10.0,909.7,16.6873,49.7542,913.7
1776091415.382749,19.9,-99.0,9.7,909.8,16.6874,49.7542,912.0
1776091415.4840972,20.0,-99.0,9.3,909.9,16.6873,49.7543,910.9
1776091415.5854616,20.3,-100.0,9.3,910.0,16.6873,49.7544,909.4
1776091415.6890898,20.3,-101.0,8.9,910.1,16.6874,49.7544,908.7
1776091415.7903907,20.4,-101.0,8.6,910.2,16.6875,49.7544,907.6
1776091415.8913696,20.5,-100.0,9.1,910.4,16.6875,49.7545,906.7
1776091415.9937484,20.8,-99.0,8.7,910.5,16.6875,49.7546,905.0
1776091416.1038673,20.6,-100.0,8.4,910.6,16.6875,49.7546,903.1
1776091416.2077103,20.9,-102.0,8.9,910.7,16.6875,49.7546,902.6
1776091416.31005,20.7,-103.0,9.3,910.8,16.6876,49.7545,901.9
1776091416.414179,20.6,-102.0,8.9,910.9,16.6876,49.7546,900.9
1776091416.515981,20.7,-103.0,9.2,911.0,16.6877,49.7547,900.3
1776091416.617621,20.6,-103.0,8.8,911.1,16.6877,49.7548,899.8
1776091416.7224355,20.4,-103.0,8.7,911.2,16.6878,49.7548,898.3
1776091416.8247223,20.3,-102.0,9.1,911.3,16.6878,49.7548,896.3
1776091416.9259999,20.3,-102.0,9.3,911.4,16.6879,49.7547,894.6
1776091417.027371,20.3,-104.0,9.7,911.5,16.6879,49.7547,893.8
1776091417.1292071,20.5,-102.0,10.0,911.6,16.6879,49.7548,892.7
1776091417.2361493,20.4,-102.0,9.6,911.7,16.688,49.7548,891.6
1776091417.337462,20.6,-102.0,9.8,911.9,16.6881,49.7548,890.8
1776091417.4392385,20.7,-103.0,9.8,912.1,16.6881,49.7548,889.4
1776091417.543329,20.9,-102.0,10.0,912.2,16.6882,49.7548,888.3
1776091417.6447356,20.8,-100.0,9.9,912.3,16.6882,49.7548,887.7
1776091417.7478533,20.7,-100.0,9.5,912.4,16.6882,49.7548,886.9
1776091417.8493493,21.0,-98.0,9.2,912.6,16.6883,49.7548,885.0
1776091417.9508657,20.9,-97.0,9.5,912.7,16.6883,49.7548,883.9
1776091418.0517707,20.9,-97.0,10.0,912.9,16.6883,49.7549,882.1
1776091418.152883,21.0,-98.0,10.4,913.1,16.6884,49.7549,880.9
1776091418.2551894,21.1,-96.0,10.4,913.2,16.6884,49.755,879.9
1776091418.357434,20.9,-95.0,10.7,913.3,16.6884,49.755,878.4
1776091418.458684,20.8,-94.0,10.5,913.4,16.6885,49.755,877.3
1776091418.5606923,20.6,-96.0,10.6,913.5,16.6886,49.755,876.5
1776091418.665795,20.5,-97.0,10.8,913.6,16.6887,49.755,875.8
1776091418.7672064,20.6,-97.0,10.3,913.7,16.6887,49.755,875.0
1776091418.8683853,20.7,-95.0,10.2,913.9,16.6887,49.755,874.0
1776091418.9717038,20.6,-94.0,10.7,914.0,16.6888,49.7551,873.5
1776091419.0727932,20.6,-96.0,10.7,914.2,16.6889,49.7551,871.6
1776091419.1741605,20.5,-95.0,10.7,914.4,16.6889,49.7552,870.4
1776091419.2757578,20.6,-96.0,10.4,914.6,16.6889,49.7551,869.4
1776091419.377203,20.7,-96.0,10.7,914.7,16.6889,49.7551,868.9
1776091419.4835608,20.6,-98.0,10.7,914.8,16.6889,49.7552,867.5
1776091419.5887804,20.7,-99.0,10.6,914.9,16.6889,49.7553,866.1
1776091419.691385,21.0,-99.0,10.1,915.1,16.689,49.7553,864.3
1776091419.7948046,20.8,-100.0,10.1,915.3,16.6889,49.7552,862.6
1776091419.8961716,21.0,-98.0,10.0,915.4,16.689,49.7553,861.2
1776091419.999082,21.0,-99.0,10.2,915.4,16.6889,49.7553,860.5
1776091420.1033647,21.1,-97.0,10.5,915.5,16.6889,49.7554,859.8
1776091420.2106586,21.0,-99.0,10.1,915.6,16.6889,49.7554,858.3
1776091420.3125231,20.9,-100.0,9.9,915.7,16.6889,49.7555,856.7
1776091420.4154317,21.1,-102.0,9.9,915.8,16.689,49.7556,855.1
1776091420.5166266,21.2,-101.0,9.7,916.0,16.6891,49.7556,853.5
1776091420.6182802,21.4,-100.0,10.1,916.0,16.6892,49.7556,852.6
1776091420.7205102,21.5,-100.0,10.1,916.1,16.6892,49.7556,851.2
1776091420.8221285,21.4,-100.0,10.0,916.3,16.6892,49.7557,850.1
1776091420.9232616,21.7,-98.0,9.6,916.4,16.6892,49.7558,849.3
1776091421.0244877,21.5,-97.0,9.3,916.6,16.6892,49.7558,848.1
1776091421.1256316,21.5,-97.0,9.2,916.7,16.6893,49.7558,846.6
1776091421.2345736,21.4,-96.0,9.1,916.8,16.6893,49.7559,845.9
1776091421.3360257,21.7,-96.0,8.7,917.0,16.6893,49.756,844.1
1776091421.4379768,21.6,-94.0,8.9,917.1,16.6893,49.7561,842.1
1776091421.5409951,21.7,-93.0,8.7,917.3,16.6894,49.7561,840.1
1776091421.6429107,21.6,-92.0,9.1,917.4,16.6894,49.756,838.4
1776091421.7443616,21.8,-90.0,9.5,917.5,16.6893,49.7561,837.1
1776091421.8478954,21.9,-89.0,9.3,917.7,16.6893,49.7561,836.2
1776091421.949189,22.1,-89.0,9.1,917.8,16.6894,49.756,835.6
1776091422.050629,22.0,-87.0,9.1,917.9,16.6894,49.756,834.8
1776091422.1521144,22.3,-88.0,9.3,918.1,16.6895,49.756,833.7
1776091422.2540095,22.1,-90.0,9.2,918.2,16.6895,49.7561,832.4
1776091422.3590589,22.3,-92.0,9.4,918.4,16.6895,49.7561,831.9
1776091422.460223,22.5,-93.0,9.8,918.5,16.6895,49.7562,830.7
1776091422.5614922,22.7,-94.0,10.3,918.7,16.6896,49.7562,828.8
1776091422.6651425,22.9,-93.0,9.8,918.8,16.6896,49.7562,828.3
1776091422.7677145,22.7,-91.0,9.8,918.9,16.6896,49.7562,826.5
1776091422.8691368,22.8,-92.0,9.5,919.0,16.6897,49.7562,825.1
1776091422.9728463,22.9,-93.0,9.7,919.1,16.6897,49.7562,824.4
1776091423.0741196,23.0,-91.0,10.0,919.2,16.6897,49.7562,823.9
1776091423.1786947,23.0,-91.0,10.0,919.4,16.6898,49.7563,822.1
1776091423.2825785,22.9,-93.0,9.8,919.4,16.6898,49.7563,820.9
1776091423.3873746,23.1,-92.0,9.7,919.5,16.6898,49.7564,819.8
1776091423.488671,23.2,-93.0,9.9,919.6,16.6898,49.7564,818.2
1776091423.5936036,23.1,-94.0,9.6,919.7,16.6898,49.7564,817.6
1776091423.6971862,23.1,-96.0,9.7,919.9,16.6898,49.7564,816.2
1776091423.7984803,23.2,-96.0,10.2,920.0,16.6898,49.7563,815.2
1776091423.8995504,23.2,-95.0,10.0,920.2,16.6899,49.7564,814.4
1776091424.0010612,23.1,-93.0,10.4,920.3,16.6899,49.7565,812.5
1776091424.105367,23.0,-94.0,10.3,920.4,16.6898,49.7566,811.5
1776091424.2070446,23.0,-95.0,10.1,920.6,16.6899,49.7566,810.2
1776091424.3101754,23.1,-97.0,10.4,920.7,16.69,49.7566,809.6
1776091424.4189706,23.3,-99.0,10.2,920.9,16.6899,49.7566,808.7
1776091424.5219998,23.2,-100.0,10.6,921.0,16.69,49.7566,807.8
1776091424.6336968,23.2,-100.0,10.7,921.1,16.6901,49.7567,806.5
1776091424.738924,23.1,-101.0,11.2,921.3,16.6901,49.7568,805.6
1776091424.8405783,23.2,-102.0,11.3,921.3,16.6901,49.7568,804.6
1776091424.9439938,23.4,-102.0,11.3,921.4,16.6901,49.7568,803.3
1776091425.04545,23.5,-100.0,11.2,921.5,16.6902,49.7568,802.3
1776091425.1482925,23.4,-101.0,10.7,921.7,16.6902,49.7568,800.4
1776091425.250656,23.3,-103.0,10.7,921.9,16.6902,49.7569,799.3
1776091425.3520162,23.3,-105.0,10.4,922.0,16.6903,49.757,797.5
1776091425.453665,23.2,-106.0,10.5,922.2,16.6902,49.757,797.0
1776091425.5586004,23.4,-108.0,10.2,922.3,16.6903,49.757,796.1
1776091425.6629388,23.6,-106.0,9.8,922.4,16.6904,49.7571,794.7
1776091425.767315,23.4,-107.0,9.4,922.4,16.6905,49.7571,794.2
1776091425.8701806,23.5,-108.0,9.8,922.6,16.6905,49.7571,793.3
1776091425.971635,23.5,-106.0,9.9,922.6,16.6905,49.7572,791.6
1776091426.0767171,23.7,-104.0,9.9,922.7,16.6906,49.7571,790.3
1776091426.1798537,23.8,-103.0,10.2,922.8,16.6905,49.7572,788.9
1776091426.2892678,24.0,-102.0,10.5,922.8,16.6905,49.7572,787.1
1776091426.3981793,24.1,-102.0,10.0,923.0,16.6905,49.7573,786.4
1776091426.5028455,24.4,-100.0,10.5,923.1,16.6906,49.7573,785.2
1776091426.6058733,24.3,-100.0,10.6,923.2,16.6907,49.7574,783.5
1776091426.707171,24.4,-102.0,10.5,923.4,16.6906,49.7575,781.6
1776091426.8103044,24.3,-101.0,10.6,923.5,16.6907,49.7575,779.9
1776091426.9139924,24.4,-102.0,10.2,923.7,16.6908,49.7575,778.5
1776091427.0153623,24.4,-104.0,10.5,923.8,16.6908,49.7576,777.7
1776091427.1165838,24.5,-105.0,10.9,923.9,16.6908,49.7577,775.9
1776091427.21813,24.7,-103.0,11.3,924.0,16.6908,49.7578,774.1
1776091427.3194704,24.8,-102.0,11.3,924.1,16.6909,49.7578,772.5
1776091427.4288015,24.9,-100.0,11.7,924.2,16.691,49.7577,771.3
1776091427.5304503,24.9,-102.0,11.9,924.2,16.691,49.7577,769.7
1776091427.631901,24.9,-104.0,12.1,924.3,16.691,49.7577,768.5
1776091427.7409618,25.0,-104.0,12.5,924.5,16.691,49.7576,767.0
1776091427.8421082,24.9,-102.0,12.2,924.5,16.6911,49.7577,765.9
1776091427.9439065,24.8,-102.0,12.6,924.6,16.6911,49.7577,764.2
1776091428.0468616,24.9,-102.0,12.6,924.7,16.6912,49.7578,763.7
1776091428.1501427,24.7,-103.0,12.5,924.8,16.6912,49.7577,762.1
1776091428.2516186,24.5,-104.0,12.4,925.0,16.6912,49.7578,761.5
1776091428.3534312,24.6,-105.0,12.3,925.2,16.6912,49.7577,760.6
1776091428.4579415,24.6,-104.0,12.5,925.3,16.6912,49.7578,759.3
1776091428.5596585,24.6,-103.0,12.0,925.4,16.6912,49.7578,758.0
1776091428.6642215,24.6,-105.0,11.8,925.6,16.6912,49.7578,756.2
1776091428.7679353,24.4,-106.0,11.9,925.8,16.6912,49.7578,754.9
1776091428.8692136,24.4,-105.0,12.3,925.8,16.6912,49.7578,753.8
1776091428.9703722,24.7,-106.0,12.8,926.0,16.6913,49.7578,752.0
1776091429.0717583,24.7,-107.0,12.8,926.2,16.6913,49.7579,750.3
1776091429.1730998,24.9,-109.0,12.9,926.4,16.6914,49.7579,749.7
1776091429.2752326,25.1,-107.0,13.0,926.4,16.6914,49.758,749.0
1776091429.3802009,25.1,-106.0,13.0,926.5,16.6915,49.758,747.7
1776091429.4882467,25.0,-107.0,13.3,926.6,16.6914,49.7581,746.1
1776091429.5894103,24.9,-109.0,13.2,926.8,16.6914,49.7581,745.4
1776091429.6914506,24.8,-111.0,13.3,926.8,16.6914,49.7582,743.4
1776091429.7961626,24.9,-110.0,13.5,927.0,16.6915,49.7582,742.2
1776091429.898372,25.1,-112.0,13.5,927.2,16.6916,49.7583,740.9
1776091430.0006278,25.1,-112.0,13.3,927.2,16.6915,49.7583,739.3
1776091430.108027,25.3,-113.0,13.6,927.4,16.6915,49.7583,737.3
1776091430.2094386,25.2,-111.0,13.8,927.6,16.6916,49.7583,736.7
1776091430.3128653,25.0,-110.0,13.3,927.7,16.6915,49.7584,735.2
1776091430.424649,25.1,-112.0,12.8,927.8,16.6916,49.7585,733.2
1776091430.5332413,25.4,-111.0,13.2,927.9,16.6916,49.7585,731.5
1776091430.6356347,25.5,-109.0,13.5,928.0,16.6916,49.7585,730.1
1776091430.7365606,25.4,-107.0,13.0,928.2,16.6916,49.7586,728.2
1776091430.8378086,25.6,-105.0,12.7,928.3,16.6917,49.7586,727.2
1776091430.9396641,25.6,-107.0,12.4,928.4,16.6917,49.7586,726.5
1776091431.0482664,25.5,-109.0,12.5,928.5,16.6918,49.7586,724.8
1776091431.149711,25.3,-108.0,12.6,928.6,16.6918,49.7587,724.2
1776091431.2514355,25.2,-109.0,12.7,928.8,16.6918,49.7587,722.8
1776091431.3563745,25.4,-111.0,13.0,928.9,16.6918,49.7587,721.8
1776091431.460763,25.6,-113.0,12.7,929.1,16.6918,49.7588,720.0
1776091431.5639708,25.5,-111.0,12.3,929.3,16.6918,49.7588,718.1
1776091431.6688664,25.5,-109.0,12.3,929.3,16.6918,49.7588,717.5
1776091431.7727773,25.7,-110.0,12.7,929.5,16.6918,49.7589,715.6
1776091431.970212,25.8,-109.0,12.5,929.7,16.6919,49.759,714.6
1776091432.0755775,25.7,-110.0,12.2,929.9,16.6919,49.759,713.6
1776091432.1785564,25.9,-108.0,12.5,930.0,16.692,49.759,712.4
1776091432.281535,26.1,-106.0,12.2,930.1,16.692,49.7591,710.9
1776091432.3891656,26.1,-107.0,12.6,930.3,16.692,49.7591,710.3
1776091432.4932692,26.2,-105.0,12.3,930.4,16.692,49.7592,709.8
1776091432.598843,26.4,-104.0,12.7,930.6,16.6921,49.7592,708.7
1776091432.7072654,26.3,-102.0,12.6,930.7,16.6921,49.7593,707.8
1776091432.80971,26.4,-103.0,12.8,930.9,16.6922,49.7594,706.3
1776091432.917246,26.3,-105.0,12.8,931.0,16.6923,49.7594,705.6
1776091433.0220072,26.2,-105.0,12.4,931.1,16.6923,49.7595,704.5
1776091433.1233773,26.1,-107.0,12.3,931.3,16.6923,49.7596,702.6
1776091433.228101,26.1,-107.0,11.9,931.4,16.6924,49.7596,701.6
1776091433.3358443,26.2,-109.0,12.4,931.5,16.6924,49.7596,700.9
1776091433.4433148,26.4,-111.0,12.2,931.5,16.6924,49.7596,700.1
1776091433.5852435,26.4,-112.0,11.9,931.7,16.6925,49.7596,698.7
1776091433.6878853,26.6,-112.0,11.6,931.7,16.6924,49.7596,697.9
1776091433.7936258,26.7,-114.0,11.4,931.9,16.6925,49.7597,697.1
1776091433.9051287,26.9,-112.0,10.9,932.1,16.6925,49.7598,695.4
1776091434.0137234,26.9,-114.0,11.1,932.1,16.6925,49.7598,694.1
1776091434.1223722,27.0,-116.0,10.7,932.2,16.6925,49.7597,692.8
1776091434.2278538,27.2,-115.0,10.5,932.3,16.6925,49.7598,691.8
1776091434.3294168,27.2,-116.0,10.9,932.4,16.6925,49.7599,690.0
1776091434.4375334,27.0,-118.0,10.7,932.5,16.6926,49.7598,689.5
1776091434.5451288,27.2,-120.0,10.6,932.6,16.6926,49.7598,688.5
1776091434.6476538,27.4,-118.0,10.7,932.7,16.6926,49.7599,687.4
1776091434.7496374,27.5,-119.0,10.3,932.8,16.6926,49.76,686.3
1776091434.8547494,27.5,-117.0,10.6,932.9,16.6927,49.76,684.7
1776091434.9563112,27.4,-119.0,10.5,933.0,16.6927,49.76,683.7
1776091435.0580685,27.3,-117.0,10.3,933.1,16.6928,49.7601,683.1
1776091435.1608372,27.2,-115.0,10.2,933.2,16.6929,49.7602,682.2
1776091435.263732,27.0,-116.0,10.5,933.3,16.6929,49.7602,680.8
1776091435.3661177,27.3,-115.0,10.1,933.5,16.6929,49.7601,679.9
1776091435.4736238,27.6,-115.0,10.1,933.5,16.6929,49.7601,679.3
1776091435.5788023,27.8,-115.0,10.2,933.7,16.693,49.7602,678.6
1776091435.6802502,27.9,-116.0,9.8,933.8,16.6931,49.7602,677.7
1776091435.7812817,28.0,-115.0,9.8,934.0,16.6931,49.7603,675.9
1776091435.8829184,28.0,-113.0,9.9,934.2,16.6931,49.7603,674.9
1776091435.9847982,27.8,-111.0,10.3,934.3,16.6932,49.7603,674.0
1776091436.094947,27.9,-112.0,10.5,934.4,16.6932,49.7603,673.4
1776091436.2029684,27.8,-111.0,10.9,934.5,16.6933,49.7604,672.3
1776091436.305012,28.0,-110.0,10.8,934.6,16.6933,49.7604,671.4
1776091436.4091156,28.1,-110.0,10.6,934.7,16.6933,49.7604,669.5
1776091436.511641,28.0,-111.0,10.4,934.9,16.6934,49.7604,668.5
1776091436.6167324,28.2,-112.0,10.0,935.0,16.6935,49.7605,666.8
1776091436.7219439,28.1,-113.0,10.5,935.2,16.6935,49.7605,666.2
1776091436.8232193,28.1,-114.0,10.9,935.3,16.6936,49.7605,664.6
1776091436.9262493,28.0,-116.0,10.5,935.5,16.6936,49.7605,663.9
1776091437.0289629,28.1,-118.0,11.0,935.5,16.6937,49.7606,663.3
1776091437.1331263,28.0,-117.0,10.9,935.6,16.6937,49.7606,662.3
1776091437.237625,28.2,-115.0,10.7,935.7,16.6937,49.7607,661.2
1776091437.3390577,28.5,-115.0,10.7,935.8,16.6937,49.7607,659.4
1776091437.440682,28.8,-115.0,10.6,936.0,16.6937,49.7607,657.6
1776091437.5499918,28.6,-117.0,11.0,936.1,16.6938,49.7607,656.9
1776091437.6512053,28.5,-119.0,11.4,936.2,16.6938,49.7607,656.4
1776091437.7527933,28.4,-117.0,11.0,936.2,16.6939,49.7607,655.5
1776091437.8542037,28.2,-117.0,11.0,936.3,16.6939,49.7606,654.7
1776091437.9554424,28.1,-115.0,10.6,936.4,16.694,49.7607,653.1
1776091438.0566938,28.3,-116.0,10.4,936.5,16.6941,49.7608,651.9
1776091438.1577492,28.1,-116.0,10.3,936.7,16.694,49.7608,651.2
1776091438.260022,28.3,-115.0,10.5,936.8,16.694,49.7607,649.8
1776091438.3614902,28.4,-113.0,10.2,936.9,16.694,49.7607,648.5
1776091438.4625933,28.7,-115.0,9.7,937.0,16.6941,49.7607,647.5
1776091438.5641484,28.6,-116.0,9.7,937.2,16.6941,49.7608,647.0
1776091438.6672292,28.7,-117.0,10.0,937.3,16.6941,49.7609,646.4
1776091438.7691317,28.5,-118.0,10.1,937.3,16.6941,49.7608,645.7
1776091438.871621,28.5,-116.0,10.4,937.5,16.6942,49.7608,644.4
1776091438.974838,28.4,-118.0,10.0,937.7,16.6942,49.7608,643.6
1776091439.0762997,28.4,-117.0,10.0,937.8,16.6942,49.7609,642.3
1776091439.177412,28.6,-116.0,10.3,937.9,16.6943,49.7609,640.6
1776091439.2787242,28.6,-115.0,10.7,938.0,16.6943,49.7609,639.5
1776091439.3804731,28.8,-117.0,11.1,938.2,16.6943,49.7609,638.1
1776091439.484749,28.8,-119.0,11.2,938.3,16.6943,49.7609,636.2
1776091439.5862124,28.9,-119.0,11.3,938.4,16.6943,49.7609,634.7
1776091439.6876357,28.7,-117.0,11.8,938.5,16.6944,49.7609,634.0
1776091439.791457,28.7,-115.0,11.9,938.6,16.6945,49.761,632.7
1776091439.8928108,29.0,-115.0,11.9,938.8,16.6946,49.761,631.2
1776091439.9945233,29.0,-117.0,12.4,938.9,16.6946,49.7609,629.4
1776091440.1046538,28.9,-119.0,12.5,939.0,16.6945,49.7609,627.9
1776091440.2065036,29.2,-120.0,12.2,939.1,16.6945,49.761,625.9
1776091440.3080602,29.1,-119.0,12.0,939.2,16.6946,49.761,624.3
1776091440.4126422,29.1,-120.0,12.0,939.3,16.6946,49.761,623.7
1776091440.513912,29.3,-119.0,11.9,939.4,16.6946,49.7611,622.1
1776091440.6149948,29.6,-120.0,12.3,939.5,16.6947,49.7611,621.5
1776091440.7162557,29.7,-120.0,11.9,939.7,16.6947,49.7612,621.0
1776091440.8191686,29.6,-118.0,11.7,939.8,16.6947,49.7612,620.0
1776091440.9205666,29.8,-116.0,12.2,939.9,16.6948,49.7612,619.1
1776091441.022084,30.0,-114.0,11.7,940.1,16.6947,49.7613,617.1
1776091441.1244235,29.8,-116.0,11.2,940.2,16.6948,49.7612,616.5
1776091441.227236,29.7,-115.0,11.4,940.4,16.6948,49.7612,614.9
1776091441.328302,29.7,-115.0,11.3,940.5,16.6948,49.7612,613.9
1776091441.4300716,29.9,-113.0,11.8,940.7,16.6949,49.7613,612.6
1776091441.5330393,30.0,-114.0,11.8,940.8,16.695,49.7613,611.6
1776091441.6350753,29.8,-112.0,11.9,940.9,16.695,49.7614,610.9
1776091441.7365937,29.7,-110.0,11.6,941.0,16.695,49.7614,610.3
1776091441.8380296,29.6,-108.0,11.4,941.1,16.695,49.7615,608.4
1776091441.9392781,29.4,-106.0,11.7,941.2,16.695,49.7615,607.7
1776091442.040468,29.6,-106.0,12.0,941.3,16.695,49.7615,607.1
1776091442.1416423,29.5,-106.0,12.0,941.4,16.695,49.7616,606.4
1776091442.244385,29.7,-107.0,11.6,941.5,16.6951,49.7616,605.6
1776091442.3470855,29.7,-109.0,11.9,941.6,16.6951,49.7615,603.7
1776091442.4482527,29.8,-107.0,11.7,941.8,16.695,49.7616,602.3
1776091442.5494537,29.8,-105.0,11.8,941.9,16.6951,49.7617,601.6
1776091442.6504803,30.1,-105.0,11.6,942.0,16.6952,49.7617,600.5
1776091442.7514677,30.4,-106.0,11.9,942.1,16.6952,49.7618,599.2
1776091442.8529677,30.2,-106.0,12.3,942.3,16.6952,49.7617,598.6
1776091442.9542773,30.1,-108.0,11.9,942.4,16.6953,49.7617,597.5
1776091443.056359,30.1,-108.0,12.2,942.5,16.6953,49.7617,596.6
1776091443.1602538,30.4,-110.0,12.1,942.7,16.6953,49.7617,595.8
1776091443.2635574,30.7,-112.0,12.1,942.8,16.6954,49.7617,594.4
1776091443.3649025,30.8,-111.0,12.0,943.0,16.6955,49.7617,593.5
1776091443.4663525,30.7,-110.0,12.3,943.1,16.6955,49.7617,592.4
1776091443.567944,30.7,-110.0,12.3,943.3,16.6955,49.7618,591.6
1776091443.6716938,30.8,-110.0,12.0,943.4,16.6955,49.7618,589.7
1776091443.7740307,30.7,-112.0,12.4,943.5,16.6955,49.7619,588.4
1776091443.8761065,30.9,-112.0,12.1,943.6,16.6956,49.762,587.8
1776091443.9800892,30.7,-110.0,11.8,943.8,16.6955,49.762,587.1
1776091444.0814857,30.9,-108.0,12.0,943.9,16.6956,49.762,586.4
1776091444.1829963,30.7,-110.0,11.7,943.9,16.6956,49.762,585.9
1776091444.2873433,30.5,-112.0,11.4,944.0,16.6957,49.762,584.4
1776091444.3886185,30.7,-111.0,11.0,944.1,16.6957,49.762,583.8
1776091444.4903185,30.6,-112.0,11.0,944.3,16.6958,49.762,582.9
1776091444.5940511,30.8,-112.0,11.2,944.5,16.6959,49.7621,582.0
1776091444.69767,30.6,-110.0,10.9,944.6,16.6958,49.7621,581.2
1776091444.7994454,30.6,-110.0,11.1,944.7,16.6958,49.7621,580.0
1776091444.907351,30.9,-111.0,11.5,944.9,16.6959,49.7621,578.8
1776091445.010814,31.0,-110.0,11.2,945.0,16.6959,49.7622,576.9
1776091445.1382554,30.9,-110.0,10.9,945.2,16.696,49.7623,575.7
1776091445.2441077,31.2,-112.0,11.4,945.3,16.6961,49.7622,574.4
1776091445.3471348,31.2,-112.0,11.2,945.4,16.6962,49.7623,573.5
1776091445.4500968,31.4,-110.0,10.9,945.5,16.6963,49.7623,572.7
1776091445.551862,31.2,-110.0,11.1,945.6,16.6963,49.7623,570.7
1776091445.655318,31.5,-108.0,10.7,945.8,16.6963,49.7623,569.4
1776091445.7570255,31.6,-106.0,11.0,946.0,16.6964,49.7624,568.1
1776091445.8586495,31.7,-104.0,11.4,946.2,16.6964,49.7624,566.8
1776091445.959998,32.0,-106.0,11.0,946.2,16.6965,49.7624,565.3
1776091446.061918,31.8,-106.0,11.3,946.4,16.6965,49.7625,564.4
1776091446.1643405,32.0,-105.0,11.2,946.5,16.6965,49.7626,562.6
1776091446.2658918,31.9,-106.0,11.0,946.7,16.6965,49.7625,560.8
1776091446.3674579,31.9,-104.0,11.1,946.8,16.6965,49.7625,560.1
1776091446.4688435,32.2,-106.0,11.6,947.0,16.6965,49.7625,558.2
1776091446.5716002,32.0,-108.0,11.7,947.0,16.6965,49.7625,556.9
1776091446.67475,32.1,-106.0,12.2,947.1,16.6965,49.7626,555.0
1776091446.7760653,32.0,-107.0,12.6,947.2,16.6966,49.7627,553.8
1776091446.8774405,32.0,-106.0,12.8,947.4,16.6966,49.7627,553.2
1776091446.9810972,31.9,-107.0,12.5,947.5,16.6966,49.7627,551.8
1776091447.082998,32.1,-106.0,12.3,947.6,16.6966,49.7627,551.2
1776091447.1858478,32.3,-106.0,12.1,947.7,16.6966,49.7627,550.0
1776091447.2871375,32.3,-107.0,12.2,947.8,16.6967,49.7627,549.2
1776091447.3906524,32.6,-109.0,11.7,947.9,16.6967,49.7628,547.4
1776091447.4915915,32.7,-110.0,11.7,948.0,16.6967,49.7628,546.0
1776091447.5928545,32.8,-110.0,12.1,948.1,16.6968,49.7629,544.3
1776091447.693934,32.8,-111.0,12.1,948.2,16.6968,49.7629,542.4
1776091447.7954607,32.7,-111.0,12.1,948.3,16.6968,49.7628,540.5
1776091447.8966799,32.7,-112.0,11.7,948.4,16.6968,49.7628,539.6
1776091447.9980388,32.6,-110.0,11.7,948.5,16.6967,49.7629,538.8
1776091448.100164,32.9,-110.0,11.5,948.6,16.6967,49.763,537.2
1776091448.2045527,32.9,-109.0,11.3,948.7,16.6967,49.763,536.4
1776091448.305876,33.0,-111.0,10.9,948.8,16.6968,49.7629,534.8
1776091448.4068854,32.9,-113.0,10.5,948.9,16.6968,49.7629,534.0
1776091448.508549,32.9,-115.0,10.1,949.1,16.6968,49.7628,532.7
1776091448.6100097,33.0,-114.0,10.0,949.3,16.6968,49.7629,531.8
1776091448.71132,32.9,-113.0,9.8,949.5,16.6967,49.7629,530.2
1776091448.8125522,33.2,-111.0,9.9,949.6,16.6968,49.7629,529.3
1776091448.9150276,33.5,-111.0,9.9,949.8,16.6969,49.7629,528.2
1776091449.018773,33.5,-110.0,9.9,949.9,16.6969,49.763,527.6
1776091449.1231942,33.4,-112.0,10.2,950.1,16.6969,49.7631,527.1
1776091449.2283754,33.5,-110.0,10.6,950.3,16.6969,49.7631,525.4
1776091449.3295605,33.7,-111.0,10.2,950.3,16.697,49.7631,524.2
1776091449.4310265,33.6,-112.0,10.3,950.5,16.697,49.7632,522.3
1776091449.5326374,33.9,-112.0,10.2,950.6,16.6971,49.7632,520.7
1776091449.6361258,33.9,-112.0,10.6,950.7,16.6971,49.7633,519.6
1776091449.7377868,34.2,-114.0,10.4,950.8,16.6971,49.7634,518.9
1776091449.839335,34.4,-112.0,10.7,951.0,16.6972,49.7634,518.0
1776091449.9429502,34.3,-113.0,11.1,951.1,16.6972,49.7635,516.4
1776091450.0445147,34.4,-114.0,11.2,951.2,16.6973,49.7635,515.3
1776091450.1460028,34.7,-114.0,10.7,951.4,16.6972,49.7636,513.7
1776091450.247567,34.5,-112.0,10.3,951.4,16.6973,49.7637,511.8
1776091450.3487804,34.5,-110.0,10.5,951.6,16.6973,49.7637,511.3
1776091450.454456,34.7,-109.0,10.1,951.8,16.6974,49.7638,509.8
1776091450.5624664,34.7,-107.0,10.2,951.9,16.6975,49.7638,508.3
1776091450.6637733,34.7,-109.0,10.2,952.1,16.6976,49.7638,507.4
1776091450.765163,35.0,-107.0,9.9,952.2,16.6975,49.7639,505.5
1776091450.8665667,35.1,-105.0,9.8,952.3,16.6976,49.764,504.0
1776091450.967885,35.1,-106.0,10.1,952.4,16.6976,49.764,502.6
1776091451.0789087,35.2,-105.0,10.3,952.6,16.6976,49.764,502.1
1776091451.180012,35.1,-104.0,10.5,952.7,16.6977,49.7641,501.5
1776091451.2814014,35.3,-103.0,10.3,952.8,16.6977,49.764,499.7
1776091451.384996,35.6,-105.0,10.1,952.9,16.6976,49.764,498.8
1776091451.4892135,35.7,-103.0,10.2,953.0,16.6977,49.764,497.5
1776091451.5903878,35.8,-104.0,10.2,953.1,16.6977,49.7641,495.6
1776091451.69484,35.8,-106.0,10.5,953.3,16.6976,49.7642,494.9
1776091451.798515,36.0,-107.0,10.7,953.4,16.6977,49.7642,493.4
1776091451.8995607,36.1,-105.0,10.9,953.5,16.6977,49.7643,492.0
1776091452.0008569,36.2,-105.0,10.7,953.6,16.6977,49.7643,490.8
1776091452.1025567,36.3,-104.0,10.9,953.7,16.6977,49.7644,490.3
1776091452.2040846,36.1,-104.0,10.7,953.7,16.6977,49.7644,488.5
1776091452.3052795,36.4,-106.0,10.7,953.9,16.6977,49.7645,486.9
1776091452.408091,36.4,-105.0,11.1,954.0,16.6978,49.7645,486.4
1776091452.5131307,36.7,-103.0,10.7,954.2,16.6978,49.7645,485.2
1776091452.6188688,36.6,-105.0,10.7,954.3,16.6978,49.7645,483.8
1776091452.7198646,36.5,-104.0,10.4,954.5,16.6978,49.7646,482.5
1776091452.820977,36.5,-104.0,10.1,954.7,16.6978,49.7647,481.1
1776091452.9221148,36.3,-104.0,9.8,954.8,16.6978,49.7647,480.2
1776091453.0268834,36.2,-103.0,10.2,954.9,16.6979,49.7647,479.2
1776091453.1286523,36.3,-102.0,10.4,955.0,16.6979,49.7646,477.6
1776091453.2299767,36.4,-104.0,10.2,955.2,16.6979,49.7647,477.1
1776091453.333452,36.4,-102.0,10.1,955.3,16.6979,49.7647,475.9
1776091453.4432964,36.4,-104.0,9.6,955.4,16.6978,49.7648,474.2
1776091453.5492485,36.6,-106.0,10.0,955.6,16.6978,49.7648,473.3
1776091453.652863,36.5,-104.0,10.3,955.7,16.6979,49.7649,471.9
1776091453.7579658,36.7,-103.0,10.5,955.8,16.6979,49.7649,471.2
1776091453.862621,36.9,-105.0,10.1,955.9,16.698,49.7649,469.6
1776091453.9655075,36.8,-104.0,10.3,956.0,16.698,49.7649,467.8
1776091454.0703642,36.6,-104.0,9.9,956.1,16.698,49.7649,466.7
1776091454.1726034,36.9,-106.0,10.0,956.2,16.6981,49.7649,465.5
1776091454.2735887,36.8,-106.0,9.6,956.3,16.6981,49.7649,464.3
1776091454.3753448,37.0,-107.0,9.9,956.4,16.6982,49.765,462.8
1776091454.4768703,37.0,-106.0,10.0,956.6,16.6982,49.765,461.8
1776091454.5784194,37.0,-106.0,9.6,956.7,16.6981,49.765,460.6
1776091454.6797905,37.3,-107.0,9.2,956.8,16.6981,49.765,459.3
1776091454.7828553,37.1,-105.0,9.7,957.0,16.6982,49.765,457.6
1776091454.885567,37.3,-107.0,9.7,957.1,16.6983,49.7651,456.2
1776091454.986972,37.2,-107.0,9.5,957.2,16.6983,49.7652,455.2
1776091455.0884147,37.3,-109.0,9.2,957.3,16.6983,49.7652,453.9
1776091455.1915507,37.4,-111.0,9.6,957.4,16.6984,49.7653,452.8
1776091455.2925057,37.5,-109.0,9.4,957.6,16.6984,49.7654,452.2
1776091455.3938148,37.5,-107.0,9.1,957.7,16.6984,49.7655,451.5
1776091455.4950013,37.6,-107.0,9.1,957.7,16.6984,49.7656,450.3
1776091455.5965343,37.9,-107.0,9.2,957.8,16.6983,49.7656,449.0
1776091455.6996667,37.8,-108.0,9.3,957.9,16.6983,49.7657,447.1
1776091455.8051958,38.0,-110.0,9.2,958.1,16.6983,49.7657,445.7
1776091455.906933,37.8,-112.0,8.8,958.2,16.6983,49.7658,444.5
1776091456.0115886,37.7,-111.0,8.4,958.3,16.6983,49.7658,443.8
1776091456.1131084,37.9,-112.0,8.2,958.5,16.6982,49.7658,442.8
1776091456.215413,38.2,-114.0,8.6,958.6,16.6982,49.7658,441.3
1776091456.3181846,38.2,-112.0,8.5,958.6,16.6983,49.7659,440.2
1776091456.4204795,38.4,-114.0,8.6,958.7,16.6983,49.7659,438.9
1776091456.5255966,38.6,-113.0,8.2,958.8,16.6982,49.7659,438.1
1776091456.6298282,38.7,-113.0,8.0,959.0,16.6983,49.7659,436.5
1776091456.7313259,38.7,-113.0,8.4,959.1,16.6983,49.7659,435.1
1776091456.8325217,38.6,-111.0,8.8,959.2,16.6983,49.7659,434.6
1776091456.9340062,38.5,-113.0,8.7,959.3,16.6983,49.7659,433.0
1776091457.0358045,38.7,-114.0,9.1,959.4,16.6983,49.766,432.0
1776091457.1471238,38.8,-113.0,9.2,959.5,16.6983,49.766,430.8
1776091457.2496274,38.6,-113.0,9.4,959.7,16.6984,49.766,429.0
1776091457.35117,38.7,-113.0,9.9,959.7,16.6984,49.766,427.9
1776091457.4529715,38.8,-111.0,10.3,959.8,16.6984,49.7661,426.9
1776091457.5541258,39.0,-113.0,10.3,960.0,16.6984,49.7661,425.4
1776091457.6554625,38.9,-113.0,10.3,960.1,16.6984,49.7662,424.3
1776091457.7635517,38.8,-111.0,10.0,960.2,16.6984,49.7663,422.4
1776091457.8684094,39.0,-110.0,10.2,960.4,16.6985,49.7663,420.7
1776091457.972131,39.3,-109.0,10.6,960.5,16.6985,49.7664,419.9
1776091458.0782385,39.4,-109.0,10.7,960.7,16.6985,49.7665,418.5
1776091458.1792376,39.5,-107.0,10.6,960.8,16.6985,49.7666,416.8
1776091458.2808552,39.5,-106.0,11.1,960.9,16.6985,49.7666,415.5
1776091458.384234,39.5,-104.0,11.5,961.0,16.6985,49.7666,414.2
1776091458.5659323,39.6,-102.0,11.5,961.2,16.6985,49.7666,412.8
1776091458.6697092,39.5,-104.0,12.0,961.4,16.6986,49.7667,412.2
1776091458.7760975,39.4,-105.0,11.5,961.5,16.6986,49.7667,411.0
1776091458.8879676,39.6,-105.0,11.5,961.6,16.6987,49.7667,409.7
1776091458.9894445,39.6,-105.0,11.5,961.7,16.6987,49.7668,407.9
1776091459.0931423,39.5,-107.0,11.6,961.8,16.6987,49.7668,407.3
1776091459.2011437,39.5,-108.0,12.0,961.8,16.6987,49.7668,406.1
1776091459.3060267,39.7,-108.0,11.5,962.0,16.6987,49.7669,404.3
1776091459.4096682,40.0,-107.0,11.5,962.1,16.6988,49.7669,403.4
1776091459.5115664,39.8,-106.0,11.1,962.3,16.6989,49.767,402.3
1776091459.6147869,39.8,-104.0,11.4,962.4,16.6989,49.7671,401.4
1776091459.716244,39.8,-106.0,11.5,962.5,16.699,49.7671,400.0
1776091459.8192096,39.9,-106.0,11.3,962.6,16.6991,49.7671,398.3
1776091459.92062,40.0,-108.0,11.7,962.7,16.6991,49.7671,397.4
1776091460.0219939,40.1,-108.0,12.0,962.9,16.6991,49.7672,396.1
1776091460.1236997,40.2,-108.0,11.7,963.1,16.6991,49.7672,394.4
1776091460.2253973,40.2,-110.0,11.4,963.3,16.6992,49.7673,392.6
1776091460.3273828,40.2,-108.0,11.0,963.4,16.6992,49.7673,391.1
1776091460.4289708,40.1,-107.0,11.4,963.5,16.6992,49.7673,390.2
1776091460.5314426,40.2,-106.0,11.6,963.6,16.6992,49.7673,389.3
1776091460.6349363,40.2,-108.0,11.2,963.8,16.6992,49.7673,388.4
1776091460.7362082,40.2,-107.0,10.8,963.9,16.6991,49.7673,386.8
1776091460.840824,40.2,-109.0,11.1,964.1,16.6992,49.7673,385.4
1776091460.9421685,40.4,-107.0,11.0,964.2,16.6992,49.7673,383.8
1776091461.043694,40.3,-107.0,10.6,964.4,16.6993,49.7674,382.6
1776091461.1467571,40.1,-109.0,10.7,964.4,16.6993,49.7675,381.9
1776091461.2478728,40.1,-108.0,10.3,964.5,16.6992,49.7675,380.8
1776091461.3491113,40.4,-106.0,10.1,964.6,16.6993,49.7675,379.2
1776091461.4521708,40.5,-108.0,9.8,964.8,16.6993,49.7676,378.4
1776091461.5540497,40.8,-108.0,9.8,964.9,16.6994,49.7675,377.7
1776091461.656805,40.7,-107.0,9.6,965.0,16.6993,49.7675,376.9
1776091461.763972,40.5,-108.0,9.3,965.2,16.6994,49.7675,375.9
1776091461.8654008,40.7,-107.0,9.4,965.3,16.6995,49.7676,374.5
1776091461.9682162,40.6,-105.0,9.8,965.5,16.6995,49.7676,373.9
1776091462.06964,40.6,-107.0,9.4,965.7,16.6995,49.7677,372.8
1776091462.1716044,40.8,-109.0,9.8,965.8,16.6995,49.7677,372.3
1776091462.2750587,41.1,-110.0,10.3,965.9,16.6995,49.7677,371.1
1776091462.3762934,41.4,-112.0,10.0,966.0,16.6995,49.7677,369.7
1776091462.481228,41.4,-113.0,9.9,966.1,16.6995,49.7677,367.9
1776091462.584,41.3,-114.0,10.0,966.2,16.6995,49.7678,366.9
1776091462.6909978,41.5,-113.0,10.0,966.2,16.6995,49.7677,365.0
1776091462.7926052,41.4,-114.0,9.9,966.4,16.6996,49.7678,364.4
1776091462.8989923,41.4,-116.0,9.8,966.5,16.6997,49.7679,362.9
1776091463.0005076,41.2,-114.0,10.2,966.7,16.6998,49.7678,362.3
1776091463.1023226,41.2,-114.0,10.6,966.7,16.6999,49.7678,361.8
1776091463.2039332,41.1,-116.0,11.0,966.9,16.6999,49.7678,360.9
1776091463.3053024,41.3,-115.0,11.0,967.0,16.6999,49.7678,359.2
1776091463.406605,41.2,-116.0,11.3,967.1,16.7,49.7678,358.5
1776091463.5090337,41.2,-118.0,11.0,967.3,16.7001,49.7678,358.0
1776091463.6198442,41.4,-118.0,10.6,967.3,16.7002,49.7678,356.1
1776091463.722863,41.7,-116.0,10.5,967.5,16.7002,49.7677,354.9
1776091463.8243742,42.0,-118.0,10.9,967.6,16.7002,49.7678,353.2
1776091463.9256148,42.1,-118.0,11.1,967.7,16.7003,49.7678,352.2
1776091464.0269363,41.9,-118.0,10.7,967.8,16.7003,49.7678,350.2
1776091464.1282709,41.9,-117.0,10.5,968.0,16.7003,49.7679,349.4
1776091464.2314467,41.9,-117.0,10.2,968.1,16.7004,49.7678,347.9
1776091464.3338938,41.9,-117.0,10.2,968.3,16.7005,49.7679,346.7
1776091464.434992,41.9,-119.0,10.4,968.4,16.7005,49.7678,346.1
1776091464.5374544,42.0,-119.0,10.5,968.6,16.7005,49.7678,345.2
1776091464.6404114,41.8,-119.0,10.0,968.7,16.7006,49.7678,343.2
1776091464.7432308,42.0,-119.0,9.9,968.8,16.7006,49.7679,341.4
1776091464.8486054,41.9,-117.0,9.8,969.0,16.7006,49.7678,340.9
1776091464.94987,42.0,-115.0,9.8,969.1,16.7006,49.7678,339.0
1776091465.0512402,42.0,-115.0,10.1,969.3,16.7007,49.7679,338.4
1776091465.1544638,41.9,-114.0,9.7,969.4,16.7006,49.768,337.1
1776091465.2557456,42.1,-114.0,10.0,969.5,16.7007,49.768,335.2
1776091465.3577042,42.0,-113.0,10.0,969.6,16.7007,49.7681,333.5
1776091465.466454,41.9,-112.0,9.7,969.8,16.7008,49.7681,331.5
1776091465.5695944,42.0,-111.0,10.2,969.9,16.7009,49.7681,330.7
1776091465.672775,42.1,-110.0,10.0,970.0,16.7009,49.7682,329.8
1776091465.823393,42.0,-110.0,10.4,970.2,16.7009,49.7682,328.2
1776091465.9857605,42.0,-112.0,10.1,970.2,16.7009,49.7683,327.5
1776091466.2022934,42.3,-112.0,10.1,970.3,16.701,49.7683,326.2
1776091466.314043,42.4,-114.0,10.3,970.5,16.7009,49.7683,324.9
1776091466.4184556,42.4,-113.0,9.8,970.6,16.7009,49.7683,323.9
1776091466.5229287,42.6,-111.0,9.6,970.8,16.701,49.7684,322.8
1776091466.6402817,42.9,-113.0,9.1,970.9,16.701,49.7685,321.0
1776091466.7426758,42.8,-112.0,9.4,971.0,16.7009,49.7685,319.9
1776091466.845713,42.7,-114.0,9.9,971.2,16.701,49.7684,318.2
1776091466.9474533,42.6,-114.0,9.5,971.4,16.701,49.7685,317.5
1776091467.0492475,42.7,-115.0,9.1,971.6,16.701,49.7685,316.1
1776091467.1534603,42.9,-117.0,9.3,971.7,16.7011,49.7685,314.8
1776091467.254781,42.9,-118.0,9.1,971.8,16.7011,49.7686,313.1
1776091467.356072,42.7,-117.0,9.3,971.9,16.7011,49.7685,311.5
1776091467.457981,43.0,-117.0,9.6,972.0,16.7012,49.7686,309.8
1776091467.5612707,43.3,-115.0,10.1,972.1,16.7013,49.7686,308.2
1776091467.6659763,43.3,-114.0,9.8,972.3,16.7014,49.7686,307.3
1776091467.7700741,43.1,-115.0,9.9,972.4,16.7015,49.7687,305.9
1776091467.8710196,43.1,-114.0,9.9,972.5,16.7015,49.7687,303.9
1776091467.9750338,42.9,-112.0,9.9,972.6,16.7016,49.7688,302.1
1776091468.0770369,43.1,-110.0,10.3,972.7,16.7016,49.7687,301.0
1776091468.1790109,43.3,-110.0,10.5,972.8,16.7017,49.7688,299.5
1776091468.2804232,43.2,-111.0,10.4,972.9,16.7017,49.7688,298.3
1776091468.3818743,43.1,-112.0,10.4,973.0,16.7017,49.7689,296.6
1776091468.4836287,43.3,-113.0,10.3,973.1,16.7018,49.769,295.8
1776091468.589145,43.1,-114.0,10.3,973.3,16.7018,49.769,295.1
1776091468.6906345,43.1,-116.0,10.7,973.4,16.7018,49.7691,293.4
1776091468.792193,43.4,-118.0,11.0,973.6,16.7019,49.7692,291.5
1776091468.893434,43.5,-116.0,11.2,973.6,16.7019,49.7691,290.6
1776091468.9961317,43.4,-114.0,11.5,973.8,16.702,49.7692,289.2
1776091469.0976658,43.5,-115.0,11.3,973.9,16.702,49.7691,288.2
1776091469.202219,43.5,-115.0,11.3,974.1,16.702,49.7691,287.7
1776091469.3049576,43.6,-116.0,11.2,974.3,16.702,49.7691,286.3
1776091469.407005,43.7,-116.0,11.1,974.5,16.7021,49.7691,284.4
1776091469.5081975,43.7,-116.0,10.9,974.5,16.7021,49.7692,283.4
1776091469.610522,43.9,-117.0,11.0,974.6,16.7022,49.7692,281.9
1776091469.7142975,43.7,-119.0,10.7,974.8,16.7022,49.7692,281.3
1776091469.8157494,44.0,-120.0,10.6,974.9,16.7023,49.7693,279.9
1776091469.9169056,43.9,-118.0,10.7,975.1,16.7023,49.7693,278.3
1776091470.0178835,44.0,-116.0,10.3,975.2,16.7024,49.7693,276.5
1776091470.1193426,43.9,-114.0,9.9,975.3,16.7025,49.7693,275.1
1776091470.220507,44.0,-112.0,9.8,975.4,16.7025,49.7693,273.2
1776091470.3224692,44.0,-113.0,9.4,975.6,16.7026,49.7694,271.9
1776091470.4246924,44.1,-112.0,9.1,975.7,16.7027,49.7694,270.1
1776091470.525947,44.1,-110.0,9.1,975.9,16.7028,49.7695,269.0
1776091470.6277494,44.3,-109.0,9.5,976.0,16.7029,49.7696,267.2
1776091470.7289774,44.2,-111.0,9.1,976.2,16.7029,49.7696,265.7
1776091470.8312323,44.3,-113.0,8.7,976.3,16.7029,49.7696,263.8
1776091470.932246,44.4,-112.0,9.1,976.4,16.703,49.7695,262.2
1776091471.0333345,44.4,-113.0,9.0,976.5,16.703,49.7696,261.3
1776091471.134603,44.2,-114.0,9.0,976.6,16.7031,49.7696,260.4
1776091471.2365782,44.4,-113.0,8.6,976.8,16.7031,49.7696,259.1
1776091471.3402448,44.3,-114.0,8.6,977.0,16.7032,49.7696,258.6
1776091471.4416869,44.1,-113.0,8.3,977.2,16.7032,49.7697,257.6
1776091471.5436168,44.1,-115.0,8.1,977.3,16.7033,49.7697,256.1
1776091471.6484106,44.4,-116.0,8.5,977.5,16.7033,49.7698,254.7
1776091471.751659,44.2,-116.0,8.0,977.5,16.7034,49.7698,253.1
1776091471.8532178,44.5,-118.0,7.7,977.7,16.7035,49.7698,252.3
1776091471.9548006,44.6,-116.0,7.9,977.8,16.7035,49.7699,250.5
1776091472.0570378,44.7,-116.0,8.0,977.9,16.7035,49.7699,248.6
1776091472.1586363,44.9,-115.0,8.1,978.1,16.7036,49.7699,247.9
1776091472.2607963,45.0,-115.0,7.8,978.2,16.7035,49.7699,247.3
1776091472.3623874,45.3,-117.0,7.3,978.3,16.7036,49.7699,246.3
1776091472.463659,45.2,-117.0,6.9,978.4,16.7036,49.7699,244.3
1776091472.5654986,45.2,-115.0,6.5,978.6,16.7035,49.77,243.2
1776091472.667775,45.4,-117.0,6.5,978.7,16.7036,49.77,242.2
1776091472.7691114,45.7,-118.0,6.2,978.8,16.7036,49.77,241.4
1776091472.8715892,45.9,-119.0,5.7,978.9,16.7036,49.77,240.6
1776091472.976985,45.8,-117.0,5.7,979.1,16.7036,49.7701,239.8
1776091473.0783267,45.9,-115.0,5.3,979.2,16.7036,49.7701,238.4
1776091473.181114,46.1,-117.0,5.3,979.3,16.7036,49.7702,237.3
1776091473.2843258,46.3,-117.0,5.8,979.4,16.7036,49.7702,235.9
1776091473.3857749,46.6,-119.0,5.8,979.6,16.7037,49.7702,234.7
1776091473.4870276,46.5,-118.0,5.8,979.8,16.7036,49.7703,233.3
1776091473.5882883,46.8,-117.0,6.1,979.8,16.7037,49.7703,231.9
1776091473.6908338,46.8,-115.0,6.1,979.9,16.7037,49.7704,231.1
1776091473.7953863,46.7,-113.0,6.1,980.1,16.7037,49.7704,230.3
1776091473.8964946,46.6,-115.0,6.2,980.2,16.7038,49.7704,228.8
1776091473.9996347,46.8,-113.0,6.7,980.4,16.7038,49.7705,227.8
1776091474.1023562,46.9,-115.0,6.6,980.5,16.7038,49.7705,227.2
1776091474.2039137,47.0,-114.0,6.9,980.7,16.7039,49.7705,226.0
1776091474.3054736,46.9,-113.0,7.0,980.7,16.704,49.7705,224.9
1776091474.4087415,47.2,-114.0,7.5,980.9,16.704,49.7705,223.7
1776091474.5099902,47.1,-114.0,7.7,981.0,16.704,49.7705,221.9
1776091474.6109915,47.1,-113.0,7.3,981.1,16.704,49.7704,221.4
1776091474.7120657,47.2,-113.0,7.3,981.2,16.704,49.7705,219.7
1776091474.8135881,47.3,-111.0,7.8,981.4,16.7041,49.7706,217.9
1776091474.9170084,47.2,-109.0,8.3,981.4,16.7041,49.7706,216.7
1776091475.0181916,47.4,-107.0,8.2,981.5,16.7041,49.7707,215.4
1776091475.1192834,47.3,-109.0,7.7,981.6,16.7042,49.7708,214.0
1776091475.2231703,47.2,-107.0,8.1,981.7,16.7042,49.7708,213.2
1776091475.324572,47.2,-106.0,8.3,981.9,16.7043,49.7709,212.6
1776091475.426472,47.3,-106.0,8.7,982.0,16.7043,49.771,211.6
1776091475.527574,47.3,-108.0,8.5,982.1,16.7044,49.7709,211.0
1776091475.6333673,47.5,-108.0,8.6,982.2,16.7044,49.771,209.2
1776091475.7350423,47.3,-108.0,8.7,982.3,16.7045,49.771,207.7
1776091475.836672,47.6,-110.0,9.0,982.5,16.7045,49.771,206.4
1776091475.9392102,47.5,-112.0,8.6,982.6,16.7045,49.7709,205.6
1776091476.0449133,47.7,-110.0,8.7,982.8,16.7046,49.771,203.9
1776091476.147146,48.0,-110.0,8.4,982.9,16.7045,49.771,203.3
1776091476.2504637,47.8,-112.0,8.7,983.1,16.7046,49.771,201.5
1776091476.3545897,48.0,-111.0,9.2,983.2,16.7046,49.771,200.1
1776091476.4558883,47.9,-112.0,9.5,983.3,16.7045,49.7711,198.8
1776091476.5572984,47.9,-113.0,9.0,983.5,16.7045,49.7711,197.2
1776091476.6590269,48.0,-113.0,9.2,983.5,16.7046,49.7711,196.2
1776091476.7609441,48.3,-114.0,8.7,983.6,16.7047,49.7711,194.7
1776091476.8624363,48.4,-114.0,8.6,983.7,16.7047,49.771,192.8
1776091476.967978,48.6,-113.0,8.9,983.8,16.7047,49.771,190.9
1776091477.0696056,48.4,-114.0,8.7,984.0,16.7047,49.771,190.2
1776091477.1784434,48.7,-113.0,8.6,984.2,16.7047,49.771,189.2
1776091477.2848353,49.0,-115.0,8.1,984.3,16.7047,49.771,188.1
1776091477.3864405,49.1,-113.0,7.9,984.4,16.7047,49.771,186.4
1776091477.4877539,49.0,-111.0,7.9,984.6,16.7048,49.7711,185.8
1776091477.6010876,49.1,-113.0,7.8,984.7,16.7048,49.7712,184.2
1776091477.7047744,49.3,-115.0,8.2,984.7,16.7049,49.7712,183.6
1776091477.8112168,49.3,-114.0,8.2,984.9,16.705,49.7712,181.7
1776091477.917166,49.4,-114.0,7.9,985.0,16.7051,49.7713,180.6
1776091478.018633,49.6,-116.0,7.7,985.1,16.7051,49.7714,179.6
1776091478.1224568,49.8,-117.0,7.8,985.1,16.7051,49.7715,177.9
1776091478.223595,49.9,-115.0,8.1,985.3,16.7051,49.7714,177.0
1776091478.3249161,50.2,-117.0,8.3,985.4,16.7051,49.7714,175.7
1776091478.426948,50.0,-119.0,8.0,985.5,16.7051,49.7714,174.6
1776091478.5287292,50.0,-119.0,8.1,985.6,16.7051,49.7714,174.1
1776091478.6300268,50.0,-119.0,8.3,985.8,16.7051,49.7715,173.3
1776091478.7315495,49.9,-120.0,7.9,985.9,16.705,49.7716,172.8
1776091478.8333666,50.1,-120.0,7.8,986.0,16.7051,49.7716,171.7
1776091478.9349926,50.0,-120.0,7.4,986.1,16.7051,49.7716,170.6
1776091479.03772,49.9,-120.0,7.9,986.2,16.7051,49.7716,169.9
1776091479.1391366,49.9,-120.0,8.3,986.4,16.7052,49.7717,168.2
1776091479.240229,50.1,-118.0,8.1,986.6,16.7052,49.7717,167.1
1776091479.341586,50.0,-120.0,8.4,986.6,16.7053,49.7717,165.9
1776091479.44265,49.9,-118.0,8.9,986.7,16.7052,49.7717,165.1
1776091479.5461195,49.7,-120.0,9.1,986.8,16.7052,49.7717,163.9
1776091479.6477735,49.9,-118.0,9.1,986.8,16.7053,49.7718,162.0
1776091479.749978,49.7,-118.0,9.2,987.0,16.7054,49.7717,160.2
1776091479.8540347,50.0,-116.0,9.0,987.2,16.7055,49.7717,159.4
1776091479.9552102,49.8,-115.0,9.3,987.3,16.7055,49.7718,158.6
1776091480.0566258,49.8,-113.0,9.2,987.4,16.7055,49.7718,156.6
1776091480.1595767,49.7,-113.0,9.3,987.6,16.7055,49.7718,155.4
1776091480.2609236,49.6,-111.0,9.7,987.7,16.7055,49.7719,153.8
1776091480.3625474,49.7,-111.0,10.0,987.8,16.7056,49.7719,152.4
1776091480.4643004,49.9,-110.0,9.5,988.0,16.7055,49.772,150.8
1776091480.565697,50.1,-108.0,9.4,988.0,16.7056,49.7721,149.0
1776091480.6687193,50.0,-107.0,9.8,988.1,16.7056,49.772,148.3
1776091480.7701957,50.1,-106.0,9.7,988.3,16.7057,49.772,147.8
1776091480.8718235,50.0,-104.0,9.3,988.4,16.7057,49.772,146.7
1776091480.9764624,50.1,-106.0,8.8,988.6,16.7057,49.7721,144.8
1776091481.0778975,50.4,-106.0,8.5,988.7,16.7057,49.7721,144.3
1776091481.1798096,50.4,-105.0,8.5,988.7,16.7057,49.7722,142.7
1776091481.2825005,50.3,-103.0,8.9,988.8,16.7057,49.7722,140.9
1776091481.3845527,50.4,-103.0,9.3,989.0,16.7057,49.7723,139.7
1776091481.4870727,50.4,-103.0,9.6,989.2,16.7057,49.7724,138.2
1776091481.5881267,50.6,-105.0,10.0,989.3,16.7057,49.7725,137.4
1776091481.6896744,50.6,-104.0,9.6,989.4,16.7057,49.7725,136.6
1776091481.791176,50.8,-103.0,9.6,989.6,16.7057,49.7725,136.1
1776091481.8920581,50.7,-104.0,9.3,989.8,16.7058,49.7725,134.3
1776091481.9931269,50.7,-103.0,9.6,989.9,16.7058,49.7725,133.5
1776091482.0939798,50.8,-105.0,10.0,990.0,16.7058,49.7726,131.9
1776091482.194923,50.9,-103.0,9.6,990.1,16.7058,49.7726,130.9
1776091482.2962036,51.0,-102.0,9.5,990.1,16.7058,49.7726,129.6
1776091482.3972342,51.3,-101.0,9.8,990.3,16.7059,49.7726,129.1
1776091482.4998415,51.6,-102.0,9.7,990.4,16.7059,49.7726,127.1
1776091482.603347,51.8,-104.0,9.6,990.5,16.7059,49.7726,125.2
1776091482.7042975,51.9,-104.0,10.0,990.7,16.706,49.7726,124.4
1776091482.8053727,52.0,-104.0,10.1,990.8,16.706,49.7727,123.0
1776091482.90624,52.3,-105.0,10.0,990.9,16.706,49.7728,121.3
1776091483.0073597,52.3,-104.0,9.7,991.1,16.706,49.7728,119.4
1776091483.1087468,52.6,-102.0,9.8,991.2,16.7061,49.7728,117.4
1776091483.2096527,52.7,-102.0,9.4,991.4,16.7061,49.7728,115.9
1776091483.3107426,53.0,-100.0,9.8,991.4,16.7061,49.7729,114.2
1776091483.4118524,52.9,-101.0,9.5,991.5,16.706,49.7729,113.3
1776091483.5130308,53.1,-99.0,9.7,991.7,16.7061,49.7729,112.6
1776091483.6140544,53.0,-97.0,9.5,991.7,16.7061,49.773,110.9
1776091483.715285,53.2,-99.0,9.7,991.9,16.7062,49.773,110.0
1776091483.816201,53.4,-99.0,10.1,992.0,16.7062,49.773,108.6
1776091483.9175868,53.3,-101.0,9.6,992.1,16.7062,49.773,106.7
1776091484.0185063,53.1,-101.0,9.3,992.2,16.7062,49.7731,105.3
1776091484.1196074,53.1,-100.0,9.0,992.3,16.7062,49.7732,103.9
1776091484.2217133,53.0,-99.0,9.0,992.5,16.7063,49.7731,102.5
1776091484.3228636,52.9,-99.0,9.2,992.6,16.7062,49.7732,101.5
1776091484.42374,53.2,-99.0,8.8,992.8,16.7063,49.7733,100.5
1776091484.5250633,53.3,-100.0,8.5,992.9,16.7063,49.7733,98.8
1776091484.6259031,53.3,-99.0,8.7,993.1,16.7063,49.7733,98.1
1776091484.7269285,53.5,-97.0,9.2,993.1,16.7063,49.7733,97.2
1776091484.8280542,53.6,-96.0,9.5,993.2,16.7063,49.7733,96.0
1776091484.9289649,53.7,-94.0,9.4,993.3,16.7063,49.7733,94.1
1776091485.0325036,53.7,-96.0,9.8,993.5,16.7063,49.7734,92.8
1776091485.1337478,53.8,-97.0,10.0,993.6,16.7064,49.7734,91.8
1776091485.2351158,53.9,-96.0,9.6,993.8,16.7064,49.7734,90.1
1776091485.3363667,53.9,-94.0,9.7,993.9,16.7065,49.7734,89.5
1776091485.4381747,53.7,-92.0,9.4,994.0,16.7066,49.7735,88.1
1776091485.5390947,53.6,-92.0,9.8,994.0,16.7066,49.7736,86.4
1776091485.6403954,53.8,-90.0,10.3,994.2,16.7066,49.7736,85.7
1776091485.7413137,53.9,-92.0,10.1,994.3,16.7065,49.7737,85.2
1776091485.8426297,53.8,-90.0,9.6,994.5,16.7065,49.7736,84.3
1776091485.9435487,53.8,-88.0,9.4,994.5,16.7065,49.7737,83.7
1776091486.044429,53.9,-88.0,9.7,994.7,16.7066,49.7737,81.8
1776091486.145644,54.0,-90.0,9.5,994.9,16.7065,49.7737,81.3
1776091486.247136,54.1,-91.0,9.6,994.9,16.7066,49.7737,79.6
1776091486.350529,54.1,-92.0,9.8,995.1,16.7066,49.7738,78.5
1776091486.4515553,54.1,-91.0,9.9,995.3,16.7066,49.7738,77.9
1776091486.5531702,54.4,-91.0,9.9,995.4,16.7066,49.7738,76.4
1776091486.6541958,54.2,-92.0,10.1,995.5,16.7067,49.7739,75.9
1776091486.7552655,54.4,-92.0,9.8,995.5,16.7067,49.7739,74.6
1776091486.856254,54.5,-94.0,9.8,995.6,16.7067,49.7739,72.7
1776091486.9574552,54.5,-92.0,10.1,995.7,16.7068,49.774,71.6
1776091487.0588973,54.7,-90.0,9.7,995.9,16.7069,49.774,70.6
1776091487.1613595,54.8,-89.0,9.9,996.1,16.7069,49.774,70.1
1776091487.2627263,54.9,-91.0,10.0,996.2,16.7069,49.7741,68.3
1776091487.3635647,54.8,-92.0,9.9,996.4,16.707,49.7741,67.3
1776091487.4664025,54.6,-94.0,9.5,996.5,16.7071,49.7741,66.6
1776091487.5677733,54.7,-95.0,9.8,996.6,16.7071,49.7741,66.0
1776091487.6686392,54.7,-95.0,10.2,996.7,16.7071,49.7741,64.1
1776091487.7696393,54.8,-93.0,10.6,996.8,16.7071,49.7742,62.4
1776091487.8738327,54.9,-93.0,10.3,996.9,16.7071,49.7742,60.9
1776091487.9751475,55.1,-92.0,9.9,997.1,16.7071,49.7743,59.5
1776091488.076395,55.0,-93.0,9.8,997.1,16.7071,49.7743,58.9
1776091488.1783302,54.9,-91.0,10.3,997.3,16.7072,49.7743,57.3
1776091488.2799437,54.8,-91.0,10.5,997.4,16.7072,49.7744,55.8
1776091488.381752,54.7,-91.0,10.5,997.6,16.7072,49.7745,54.5
1776091488.4840508,55.0,-89.0,10.5,997.8,16.7072,49.7745,53.3
1776091488.585751,55.1,-87.0,10.7,997.9,16.7073,49.7746,52.6
1776091488.6872914,55.0,-86.0,10.8,998.1,16.7073,49.7746,51.8
1776091488.789935,55.1,-87.0,10.6,998.3,16.7074,49.7746,50.9
1776091488.8913143,55.3,-85.0,10.6,998.5,16.7073,49.7747,49.3
1776091488.9926307,55.2,-87.0,10.6,998.6,16.7073,49.7748,48.5
1776091489.0937593,55.4,-88.0,10.9,998.8,16.7072,49.7748,46.8
1776091489.195283,55.4,-87.0,11.0,998.8,16.7073,49.7748,45.1
1776091489.2967744,55.6,-89.0,10.7,998.9,16.7072,49.7748,44.1
1776091489.3979154,55.6,-91.0,11.0,999.1,16.7073,49.7748,42.3
1776091489.500185,55.6,-92.0,11.3,999.3,16.7073,49.7749,41.5
1776091489.6035357,55.4,-90.0,11.2,999.4,16.7073,49.7749,40.9
1776091489.7049642,55.4,-90.0,10.8,999.6,16.7074,49.7749,40.4
1776091489.8073483,55.6,-91.0,11.0,999.8,16.7075,49.775,38.7
1776091489.9127367,55.9,-89.0,11.0,999.9,16.7075,49.7751,36.9
1776091490.016071,56.0,-87.0,11.3,1000.0,16.7075,49.775,35.0
1776091490.1192262,55.8,-86.0,11.8,1000.1,16.7074,49.775,33.9
1776091490.2207956,55.7,-88.0,12.3,1000.2,16.7075,49.775,33.2
1776091490.3222923,55.9,-88.0,11.9,1000.4,16.7076,49.7751,32.0
1776091490.4236577,55.9,-89.0,11.8,1000.4,16.7077,49.775,30.8
1776091490.5248404,55.9,-89.0,12.0,1000.5,16.7077,49.7751,30.3
1776091490.6272247,56.2,-87.0,12.1,1000.7,16.7076,49.7752,29.6
1776091490.7329772,56.0,-85.0,12.5,1000.7,16.7077,49.7753,28.4
1776091490.8345623,56.1,-87.0,12.2,1000.9,16.7077,49.7753,27.8
1776091490.9363973,56.1,-85.0,12.6,1001.0,16.7077,49.7754,25.9
1776091491.0392501,56.2,-85.0,12.5,1001.2,16.7077,49.7754,24.0
1776091491.1404574,56.4,-85.0,12.3,1001.4,16.7078,49.7754,22.7
1776091491.2434552,56.6,-86.0,12.8,1001.5,16.7078,49.7754,21.0
1776091491.3454258,56.7,-87.0,13.2,1001.7,16.7077,49.7753,19.2
1776091491.4468899,56.8,-87.0,13.2,1001.9,16.7078,49.7753,17.7
1776091491.548252,56.8,-87.0,13.3,1002.1,16.7078,49.7754,15.8
1776091491.6496713,57.0,-86.0,13.8,1002.1,16.7078,49.7754,14.9
1776091491.75078,56.8,-87.0,13.4,1002.3,16.7078,49.7754,14.2
1776091491.8524792,56.9,-87.0,12.9,1002.3,16.7079,49.7754,12.4
1776091491.953653,57.0,-88.0,12.8,1002.5,16.708,49.7754,11.5
1776091492.055794,57.0,-87.0,13.2,1002.6,16.7081,49.7754,9.6
1776091492.15723,57.2,-89.0,12.7,1002.8,16.708,49.7754,8.6
1776091492.258641,57.1,-90.0,13.1,1002.9,16.7081,49.7754,7.8
1776091492.3599846,57.1,-90.0,13.6,1003.0,16.7081,49.7755,7.2
1776091492.4668262,57.1,-90.0,13.5,1003.1,16.7081,49.7755,6.0
1776091492.5682893,57.3,-90.0,13.1,1003.3,16.7082,49.7755,5.4
1776091492.670724,57.1,-92.0,12.9,1003.4,16.7083,49.7755,4.5
1776091492.7742393,57.1,-91.0,13.2,1003.6,16.7083,49.7756,3.3
1776091492.8757393,57.4,-92.0,12.9,1003.7,16.7083,49.7755,1.6
1776091492.9774337,57.2,-93.0,13.1,1003.9,16.7084,49.7756,0.0
1776091493.079566,57.5,-95.0,12.9,1003.9,16.7084,49.7756,0.0
1776091493.1810236,57.4,-95.0,12.6,1004.1,16.7084,49.7756,0.0
1776091493.282364,57.5,-96.0,12.9,1004.3,16.7085,49.7756,0.0
1776091493.383896,57.3,-98.0,12.8,1004.3,16.7085,49.7757,0.0
1776091493.4853585,57.5,-96.0,13.0,1004.4,16.7085,49.7757,0.0
1776091493.5894303,57.6,-96.0,12.5,1004.6,16.7085,49.7756,0.0
1776091493.6912203,57.4,-98.0,12.1,1004.7,16.7085,49.7757,0.0
1776091493.792834,57.5,-96.0,11.9,1004.9,16.7086,49.7757,0.0
1776091493.8943644,57.4,-95.0,12.0,1005.0,16.7086,49.7757,0.0
1776091493.9961822,57.4,-95.0,12.0,1005.1,16.7086,49.7757,0.0
1776091494.0973794,57.6,-95.0,11.8,1005.2,16.7087,49.7757,0.0
1776091494.1985836,57.9,-94.0,12.0,1005.3,16.7087,49.7757,0.0
1776091494.2996686,58.0,-96.0,12.0,1005.4,16.7087,49.7758,0.0
1776091494.4011283,58.0,-96.0,11.9,1005.6,16.7088,49.7757,0.0
1776091494.5031672,58.0,-95.0,11.5,1005.7,16.7088,49.7758,0.0
1776091494.6058626,58.0,-96.0,11.4,1005.8,16.7088,49.7758,0.0
1776091494.7070887,57.9,-95.0,11.6,1006.0,16.7088,49.7758,0.0
1776091494.8083305,57.9,-96.0,11.3,1006.1,16.7088,49.7759,0.0
1776091494.9095733,58.0,-98.0,11.5,1006.3,16.7089,49.7759,0.0
1776091495.0108278,58.1,-99.0,11.2,1006.4,16.7089,49.776,0.0
1776091495.1117349,58.1,-97.0,11.6,1006.5,16.7089,49.776,0.0
1776091495.212786,58.3,-98.0,11.2,1006.7,16.7089,49.776,0.0
1776091495.31376,58.2,-98.0,11.0,1006.8,16.7089,49.776,0.0
1776091495.4149616,58.3,-97.0,10.7,1007.0,16.7089,49.776,0.0
1776091495.5161495,58.2,-99.0,10.6,1007.1,16.7088,49.7761,0.0
1776091495.617627,58.5,-101.0,10.9,1007.3,16.7088,49.7762,0.0
1776091495.7216282,58.5,-101.0,10.5,1007.4,16.7088,49.7763,0.0
1776091495.8227944,58.6,-102.0,10.0,1007.6,16.7088,49.7762,0.0
1776091495.9242141,58.7,-104.0,10.0,1007.7,16.7088,49.7762,0.0
1776091496.025864,58.9,-102.0,10.5,1007.8,16.7088,49.7763,0.0
1776091496.1286914,59.1,-103.0,10.2,1008.0,16.7088,49.7762,0.0
1776091496.2308576,59.3,-102.0,10.6,1008.0,16.7087,49.7763,0.0
1776091496.3339567,59.1,-100.0,11.1,1008.2,16.7087,49.7763,0.0
1776091496.4369707,59.2,-99.0,10.6,1008.3,16.7088,49.7763,0.0
1776091496.5401855,59.4,-97.0,10.2,1008.4,16.7088,49.7764,0.0
1776091496.641799,59.6,-97.0,10.5,1008.6,16.7089,49.7765,0.0
1776091496.7429304,59.8,-96.0,10.8,1008.7,16.709,49.7766,0.0
1776091496.8443751,60.0,-97.0,11.3,1008.8,16.709,49.7766,0.0
1776091496.9459877,60.0,-95.0,10.9,1009.0,16.709,49.7766,0.0
1776091497.0474448,59.9,-93.0,10.7,1009.2,16.709,49.7766,0.0
1776091497.1489549,59.7,-94.0,11.0,1009.2,16.709,49.7767,0.0
1776091497.2512276,59.7,-92.0,11.2,1009.4,16.7091,49.7767,0.0
1776091497.3545704,59.8,-93.0,11.0,1009.5,16.709,49.7768,0.0
1776091497.4559705,60.0,-91.0,11.2,1009.6,16.7091,49.7767,0.0
1776091497.558563,60.0,-92.0,11.3,1009.7,16.7092,49.7767,0.0
1776091497.6615534,60.0,-93.0,11.0,1009.8,16.7093,49.7768,0.0
1776091497.7627852,60.1,-92.0,11.3,1009.9,16.7093,49.7768,0.0
1776091497.8641143,60.2,-92.0,11.7,1010.0,16.7094,49.7769,0.0
1776091497.9652002,60.0,-92.0,12.1,1010.1,16.7094,49.7769,0.0
1776091498.0663383,59.9,-94.0,11.8,1010.2,16.7094,49.7769,0.0
1776091498.1673708,60.0,-94.0,11.6,1010.4,16.7094,49.777,0.0
1776091498.2684245,60.0,-95.0,11.9,1010.4,16.7094,49.777,0.0
1776091498.369468,60.3,-97.0,11.8,1010.5,16.7095,49.7771,0.0
1776091498.47214,60.3,-95.0,12.3,1010.7,16.7095,49.7771,0.0
1776091498.5729952,60.5,-96.0,12.4,1010.9,16.7095,49.7771,0.0
1776091498.674474,60.4,-97.0,12.2,1011.0,16.7096,49.7771,0.0
1776091498.7755957,60.6,-96.0,12.4,1011.2,16.7096,49.7772,0.0
1776091498.878864,60.8,-96.0,12.3,1011.3,16.7096,49.7773,0.0
1776091498.9802442,60.7,-97.0,12.1,1011.4,16.7097,49.7773,0.0
1776091499.081568,60.8,-95.0,11.7,1011.6,16.7097,49.7773,0.0
1776091499.1838033,60.7,-96.0,11.6,1011.7,16.7097,49.7773,0.0
1776091499.2849774,60.6,-94.0,11.4,1011.8,16.7097,49.7773,0.0
1776091499.386682,60.6,-93.0,11.2,1011.9,16.7098,49.7774,0.0
1776091499.4879804,60.5,-94.0,11.7,1012.1,16.7098,49.7774,0.0
1776091499.5894673,60.6,-93.0,12.2,1012.2,16.7098,49.7774,0.0
1776091499.6908133,60.6,-95.0,12.5,1012.3,16.7098,49.7774,0.0
1776091499.7932882,60.8,-96.0,12.6,1012.4,16.7099,49.7774,0.0
1776091499.8944476,61.1,-94.0,13.0,1012.5,16.7099,49.7774,0.0
1776091499.995555,61.0,-95.0,12.8,1012.7,16.71,49.7775,0.0
1776091500.0992525,61.2,-97.0,13.2,1012.8,16.7101,49.7776,0.0
1776091500.2004042,61.4,-95.0,13.3,1012.9,16.71,49.7776,0.0
1776091500.3032668,61.6,-97.0,13.5,1013.0,16.7101,49.7777,0.0
1776091500.406142,61.6,-95.0,13.9,1013.1,16.7102,49.7777,0.0
1776091500.5076082,61.6,-96.0,14.1,1013.2,16.7103,49.7778,0.0
1776091500.6087966,61.8,-97.0,13.8,1013.3,16.7102,49.7778,0.0
1776091500.710233,62.1,-97.0,14.1,1013.5,16.7103,49.7778,0.0
1776091500.811529,62.4,-95.0,14.2,1013.6,16.7104,49.7778,0.0
1776091500.9128788,62.6,-97.0,13.9,1013.7,16.7104,49.7779,0.0
1776091501.0143127,62.5,-96.0,13.5,1013.8,16.7105,49.778,0.0
1776091501.1159883,62.5,-96.0,13.3,1013.9,16.7106,49.7781,0.0
1776091501.218188,62.6,-94.0,13.3,1014.1,16.7106,49.7781,0.0
1776091501.3193228,62.7,-92.0,13.4,1014.2,16.7107,49.7781,0.0
1776091501.4206662,63.0,-90.0,13.2,1014.4,16.7108,49.7782,0.0
1776091501.522046,62.9,-91.0,13.3,1014.6,16.7107,49.7782,0.0
1776091501.6231644,62.7,-92.0,13.7,1014.7,16.7108,49.7781,0.0
1776091501.7244742,62.8,-93.0,14.1,1014.7,16.7108,49.7781,0.0
1776091501.8256075,62.9,-95.0,14.6,1014.9,16.7109,49.7782,0.0
1776091501.9267108,62.7,-95.0,14.5,1015.0,16.7109,49.7783,0.0
1776091502.0280125,62.7,-96.0,14.8,1015.2,16.7109,49.7784,0.0
1776091502.1294749,62.6,-98.0,15.1,1015.3,16.7109,49.7784,0.0
1776091502.2328663,62.7,-96.0,15.0,1015.5,16.7109,49.7785,0.0
1776091502.334213,63.0,-94.0,14.7,1015.6,16.7109,49.7785,0.0
1776091502.4354296,63.2,-93.0,14.5,1015.7,16.7109,49.7785,0.0
1776091502.5364318,63.2,-92.0,14.9,1015.8,16.7109,49.7786,0.0
1776091502.6376066,63.5,-93.0,14.6,1016.0,16.7108,49.7786,0.0
1776091502.7385986,63.6,-93.0,14.2,1016.1,16.7108,49.7785,0.0
1776091502.8432245,63.4,-93.0,14.4,1016.2,16.7108,49.7785,0.0
1776091502.9441092,63.7,-95.0,14.4,1016.4,16.7107,49.7785,0.0
1776091503.0455225,63.7,-96.0,14.0,1016.5,16.7107,49.7785,0.0
1776091503.1466951,63.9,-98.0,13.7,1016.7,16.7107,49.7786,0.0
1776091503.248281,63.8,-100.0,13.2,1016.8,16.7108,49.7786,0.0
1776091503.3497643,63.9,-98.0,12.9,1017.0,16.7109,49.7787,0.0
1776091503.451229,63.9,-96.0,12.9,1017.0,16.7109,49.7787,0.0
1776091503.5527053,64.2,-94.0,12.5,1017.1,16.7109,49.7787,0.0
1776091503.6537635,64.2,-95.0,12.2,1017.2,16.7108,49.7787,0.0
1776091503.7548258,64.3,-93.0,12.6,1017.4,16.7109,49.7787,0.0
1776091503.856246,64.2,-91.0,12.3,1017.4,16.7108,49.7787,0.0
1776091503.9573398,64.3,-92.0,12.1,1017.6,16.7109,49.7788,0.0
1776091504.059822,64.4,-93.0,12.1,1017.7,16.7109,49.7787,0.0
1776091504.1635933,64.7,-91.0,12.0,1017.8,16.711,49.7787,0.0
1776091504.2650177,64.7,-90.0,12.1,1018.0,16.7109,49.7788,0.0
1776091504.3662848,64.9,-91.0,12.1,1018.1,16.7109,49.7787,0.0
1776091504.4676635,64.7,-90.0,12.4,1018.2,16.7109,49.7788,0.0
1776091504.5688937,64.6,-89.0,12.6,1018.3,16.7108,49.7789,0.0
1776091504.6701381,64.8,-90.0,12.3,1018.4,16.7108,49.7789,0.0
1776091504.7716792,64.9,-90.0,12.5,1018.5,16.7108,49.7788,0.0
1776091504.8746867,65.0,-90.0,12.5,1018.6,16.7108,49.7788,0.0
1776091504.9757826,65.3,-89.0,12.7,1018.8,16.7108,49.7789,0.0
1776091505.076758,65.2,-88.0,12.6,1019.0,16.7109,49.7789,0.0
1776091505.1781046,65.1,-86.0,12.1,1019.1,16.7109,49.7789,0.0
1776091505.2806718,65.0,-85.0,12.0,1019.3,16.7109,49.7788,0.0
1776091505.3841326,65.2,-83.0,12.0,1019.3,16.7109,49.7788,0.0
1776091505.485539,65.4,-84.0,11.5,1019.5,16.7108,49.7789,0.0
1776091505.5871239,65.4,-86.0,11.9,1019.6,16.7108,49.7789,0.0
1776091505.689839,65.6,-86.0,12.3,1019.7,16.7108,49.779,0.0
1776091505.791592,65.8,-84.0,12.6,1019.8,16.7107,49.7789,0.0
1776091505.8930666,66.0,-86.0,12.3,1019.9,16.7107,49.7789,0.0
1776091505.9960315,66.0,-85.0,11.9,1020.0,16.7108,49.7789,0.0
1776091506.097318,66.2,-83.0,12.3,1020.1,16.7108,49.7789,0.0
1776091506.2011855,66.4,-81.0,12.4,1020.2,16.7108,49.7789,0.0
1776091506.302637,66.4,-79.0,12.5,1020.4,16.7108,49.7789,0.0
1776091506.4172034,66.2,-78.0,12.4,1020.4,16.7109,49.7789,0.0
1776091506.5214393,66.3,-79.0,12.7,1020.5,16.7109,49.7789,0.0
1776091506.6230395,66.5,-78.0,13.1,1020.7,16.7109,49.7789,0.0
1776091506.7245927,66.4,-79.0,12.9,1020.9,16.7109,49.779,0.0
1776091506.82939,66.5,-77.0,12.9,1021.0,16.7109,49.7789,0.0
1776091506.9305184,66.4,-79.0,13.0,1021.2,16.711,49.7789,0.0
1776091507.031722,66.5,-81.0,12.6,1021.3,16.7111,49.7789,0.0
1776091507.1331973,66.3,-80.0,12.2,1021.5,16.711,49.7789,0.0
1776091507.234516,66.4,-78.0,12.7,1021.6,16.711,49.7789,0.0
1776091507.3382294,66.3,-79.0,13.0,1021.7,16.7111,49.779,0.0
1776091507.439865,66.2,-78.0,12.8,1021.8,16.7111,49.779,0.0
1776091507.5427036,66.2,-79.0,12.5,1022.0,16.7111,49.779,0.0
1776091507.6461112,66.1,-80.0,12.8,1022.0,16.711,49.779,0.0
1776091507.7500257,66.0,-78.0,13.1,1022.1,16.711,49.7791,0.0
1776091507.8696744,66.2,-77.0,13.3,1022.2,16.711,49.779,0.0
1776091507.9783518,66.1,-78.0,13.2,1022.4,16.7111,49.7791,0.0
1776091508.0844393,66.4,-76.0,13.3,1022.5,16.7112,49.7791,0.0
1776091508.185687,66.5,-77.0,13.4,1022.6,16.7113,49.7792,0.0
1776091508.2869334,66.6,-77.0,13.1,1022.8,16.7114,49.7792,0.0
1776091508.3886993,66.9,-79.0,13.5,1022.8,16.7115,49.7792,0.0
1776091508.490602,66.8,-77.0,13.3,1022.9,16.7114,49.7793,0.0
1776091508.6007168,66.9,-79.0,13.5,1022.9,16.7115,49.7793,0.0
1776091508.7031627,66.9,-77.0,13.1,1023.0,16.7115,49.7794,0.0
1776091508.8065479,66.9,-79.0,12.9,1023.1,16.7116,49.7795,0.0
1776091508.9174943,67.0,-79.0,12.9,1023.3,16.7116,49.7795,0.0
1776091509.027755,66.8,-77.0,12.6,1023.5,16.7117,49.7794,0.0
1776091509.1325436,66.9,-78.0,12.9,1023.6,16.7116,49.7795,0.0
1776091509.2366302,67.1,-79.0,13.1,1023.8,16.7116,49.7795,0.0
1776091509.3389928,67.0,-77.0,12.9,1024.0,16.7116,49.7796,0.0
1776091509.4524186,67.2,-75.0,12.4,1024.1,16.7116,49.7796,0.0
1776091509.5541248,67.1,-77.0,12.1,1024.2,16.7116,49.7796,0.0
1776091509.65578,66.9,-76.0,12.1,1024.4,16.7116,49.7797,0.0
1776091509.7574768,67.1,-78.0,12.2,1024.5,16.7116,49.7797,0.0
1776091509.8646934,66.9,-77.0,12.6,1024.6,16.7116,49.7798,0.0
1776091509.9754705,67.0,-79.0,13.0,1024.7,16.7117,49.7798,0.0
1776091510.0798085,66.8,-77.0,13.2,1024.8,16.7117,49.7798,0.0
1776091510.1813672,66.7,-77.0,13.1,1025.0,16.7117,49.7799,0.0
1776091510.2830317,66.8,-79.0,13.6,1025.1,16.7118,49.7799,0.0
1776091510.3851292,66.9,-80.0,13.3,1025.2,16.7118,49.7799,0.0
1776091510.4875383,66.8,-78.0,12.8,1025.3,16.7118,49.7799,0.0
1776091510.5902028,67.1,-79.0,12.3,1025.4,16.7118,49.78,0.0
